id,title,company,location,area,site,url,date_posted,score,tier,type,remote,salary,industry,logo,skills,snippet
a8e97f5a1e,GET - CAE,Expleo Group,"Tamil Nadu, India",Chennai,indeed,https://in.indeed.com/viewjob?jk=d3ba017d4d716dd5,2026-09-24,99,hot,,False,,,https://d2q79iu7y748jz.cloudfront.net/s/_squarelogo/256x256/44e31974288e55820f6b1c3b6ad681e0,"['ASIC', 'FEA', 'CAN', 'RF']",Overview: GET \- CAE (ANSA ) Responsibilities: **Position:** Graduate Engineer Trainee (GET) – CAE **Experience:** Freshers **Pass\-out Year:** 2025 \& 2026 **Location:** Chennai **Educational Qualification*** B.E / B.Tech in: * + Mechanical Engineering + Automobile Engineering +
66c615ff73,CAE Modelling Engineer Trainee – Fresher,Copes Tech India Pvt Ltd,"Tamil Nadu, India",Coimbatore,indeed,https://in.indeed.com/viewjob?jk=6cb5c73dd708c018,2026-09-22,99,hot,Full-time,False,,,https://d2q79iu7y748jz.cloudfront.net/s/_squarelogo/256x256/28d8af338e676eef0c2a2e92f59c5a73,['HyperMesh'],"About the job **Role Description** The CAE Modelling Engineer Trainee – Fresher will support the engineering team by creating and refining CAE models for structural and mechanical components. Day\-to\-day responsibilities include preparing geometry for analysis, setting up simula"
2912f6c923,Embedded Hardware Electronics Engineer,Tech Mahindra,"Chennai, Tamil Nadu, India",Chennai,linkedin,https://www.linkedin.com/jobs/view/4470856305,,99,hot,,False,,,,[],
96ce64b695,Embedded Hardware Engineer,HARPY AEROSPACE PRIVATE LIMITED,"Tamil Nadu, India",Chennai,indeed,https://in.indeed.com/viewjob?jk=1e8cc9b1ff606427,2026-09-28,96,hot,Full-time,False,,,,"['Embedded C', 'IoT', 'Altium', 'KiCad', 'RTOS']","**Position: Embedded Hardware Engineer** **Company: Harpy Aerospace,Chennai** **Location: Inperson** **Job Type: Full\-Time / Contract / Internship** **Start Date: Immediate or Flexible** **We’re hiring at Harpy Aerospace!** We are looking for a skilled and passionate Embedded Ha"
d07c499756,Field Technician - Electronics,Popoutbox,"Tamil Nadu, India",Chennai,indeed,https://in.indeed.com/viewjob?jk=b02187cc8046b0a4,2026-09-23,91,hot,Full-time,False,,,,"['ASIC', 'IoT', 'SPI']","**Position:** **Electronics Field Technician – Smart Lockers** **Location:** Chennai **Job Type:** Full\-time **Experience Required:** Fresher – 1 year **Salary:** ₹12,000 per month **About the Role** We are looking for a responsible and technically inclined **Electronics Field T"
72aecc3c93,Robotics Engineer (Hardware + Firmware),NMTronics India Pvt. Ltd.,"Bengaluru, Karnataka, India",Bengaluru,linkedin,https://www.linkedin.com/jobs/view/4473091207,,88,hot,,False,,,,[],
77e2426a71,Silicon Firmware & Embedded Engineer,Accenture in India,"Bengaluru, Karnataka, India",Bengaluru,linkedin,https://www.linkedin.com/jobs/view/4455375385,2026-09-25,86,hot,,False,,,,[],
564aae6c8a,Embedded Firmware/Software Engineer,NXP Semiconductors,"Hyderabad, Telangana, India",Remote,linkedin,https://www.linkedin.com/jobs/view/4435115952,2026-09-24,86,hot,,False,,,,[],
412f53684d,Automotive Embedded Hardware Design Engineer,L&T Technology Services,"Bengaluru, Karnataka, India",Bengaluru,linkedin,https://www.linkedin.com/jobs/view/4469416653,2026-09-23,86,hot,,False,,,,[],
40efcd304b,Electronics & Embedded Prototyping Engineer,SurgeonsLab,"Coimbatore, Tamil Nadu, India",Coimbatore,linkedin,https://www.linkedin.com/jobs/view/4471593245,,80,hot,,False,,,,[],
19e6a17fe6,"Associate Engineer, NOC",Scale Computing,"Karnataka, India",Bengaluru,indeed,https://in.indeed.com/viewjob?jk=6db399331e19b877,2026-09-28,79,good,,True,,,https://d2q79iu7y748jz.cloudfront.net/s/_squarelogo/256x256/461115c0926bfab5df5b7a207bc7d6da,"['Linux', 'CAN']","Description: **Who We Are** Scale Computing is a global leader in edge computing, hyperconverged infrastructure, and managed networking solutions. We deliver innovative, secure, andscalable technology that powers critical operations worldwide. **About the Role** Trainee/Associate"
6ebb1a8b2c,RF Bench Test Engineer – Wireless & RF Semiconductor Validation,Best NanoTech,"Coimbatore, Tamil Nadu, India",Coimbatore,linkedin,https://www.linkedin.com/jobs/view/4462372113,2026-09-28,74,good,,False,,,,['RF'],
472d7018b9,ATE RF Test Engineer – RF Semiconductor Validation & Test Development,Best NanoTech,"Coimbatore, Tamil Nadu, India",Coimbatore,linkedin,https://www.linkedin.com/jobs/view/4462356910,2026-09-28,74,good,,False,,,,['RF'],
5c7c1ee3c7,Printed Circuit Board (PCB) Design Engineer,Caterpillar Inc.,"Chennai, Tamil Nadu, India",Chennai,linkedin,https://www.linkedin.com/jobs/view/4472020459,2026-09-25,74,good,,False,,,,[],
c21a2dff13,ASIC Verification Engineer,Hewlett Packard Enterprise | HPE,"Karnataka, India",Bengaluru,indeed,https://in.indeed.com/viewjob?jk=e9a018b8018f0462,2026-09-25,74,good,Full-time,False,,,https://d2q79iu7y748jz.cloudfront.net/s/_squarelogo/256x256/dbfacf52914ebecb5f58e160eb0e11d1,"['Python', 'Verilog', 'SystemVerilog', 'UVM', 'ASIC']",ASIC Verification Engineer This role has been designed as ‘’Onsite’ with an expectation that you will primarily work from an HPE office.**Who We Are:** Hewlett Packard Enterprise is the global edge\-to\-cloud company advancing the way people live and work. We help companies conne
844085ed6b,ASIC Verification Engineer,NVIDIA,"Bengaluru, Karnataka, India",Bengaluru,linkedin,https://www.linkedin.com/jobs/view/4434698790,2026-09-25,74,good,,False,,,,['ASIC'],
13441331eb,Associate Engineer- Embedded,Eaton,"Pune Division, Maharashtra, India",Remote,linkedin,https://www.linkedin.com/jobs/view/4469324219,2026-09-23,74,good,,False,,,,[],
08d5360465,Embedded Hardware Engineer – Defence Digital Display Systems,AMBC INC,"Tamil Nadu, India",Coimbatore,indeed,https://in.indeed.com/viewjob?jk=bf0269e8bc9d9d79,2026-09-21,74,good,,False,,,https://d2q79iu7y748jz.cloudfront.net/s/_squarelogo/256x256/686e18a14a20fe2c068b605e01678c8c,"['Altium', 'CAN', 'SPI', 'UART', 'ARM']","**Core Responsibilities** * Design and develop embedded hardware for rugged defence digital display systems, including multifunction displays, vehicle dashboards, and control panels. * Develop and validate analogue, digital, mixed\-signal, and power electronic circuits for embedd"
0b6dae717c,IoT Firmware Engineer,Cureous,"Bengaluru, Karnataka, India",Bengaluru,linkedin,https://www.linkedin.com/jobs/view/4471388305,,74,good,,False,,,,['IoT'],
ea6b38c87e,Analog Circuit Design Engineer,Intel,"Bengaluru, Karnataka, India",Bengaluru,linkedin,https://www.linkedin.com/jobs/view/4462906982,,74,good,,False,,,,[],
f5ca727cc1,Power Electronics Hardware Engineer - II,Arbor Mobility Private Limited,"Bengaluru, Karnataka, India",Bengaluru,linkedin,https://www.linkedin.com/jobs/view/4471376783,,68,good,,False,,,,[],
42ec8a4379,Analog Layout Engineer:,Siliciom Technologies,"Karnataka, India",Bengaluru,indeed,https://in.indeed.com/viewjob?jk=43ed84f31a5566ff,2026-09-28,65,good,,False,,,,['ASIC'],"* ASIC * Location: Bangalore * Experience: 3 \- 5 Years ##### **Required Skills \& Knowledge:** * Btech/Mtech Electronics/Electrical engineering * Experience in Analog Mixed\-signal layout and verification of high\-speed digital and/or DDR IOs, Critical signal inclusion. * Advanc"
be8e539b46,Embedded - Software Test Engineer,Montbleu Technologies,"Tamil Nadu, India",Coimbatore,indeed,https://in.indeed.com/viewjob?jk=29296aea1cf18347,2026-09-28,65,good,Full-time,False,,,,"['Embedded C', 'Python', 'ASIC', 'CAN', 'I2C']",Embedded Software Test Engineer – Automotive \- Looking for Immediate Joiners!!! **Experience:** 0–3 Years **Location:** Coimbatore **Qualification:** BE/B.Tech – ECE / EEE / E\&I / CSE **Industry:** Automotive / EV **Job Summary** We are looking for an Embedded Software Test Eng
cf4ad8eec9,Hardware Electrical Design Engineer - Automotive,Aptiv,"Bengaluru East, Karnataka, India",Bengaluru,linkedin,https://www.linkedin.com/jobs/view/4463637252,2026-09-26,65,good,,False,,,,[],
cbb0851b80,IP RTL Design Engineers,Samsung Semiconductor,"Bengaluru, Karnataka, India",Bengaluru,linkedin,https://www.linkedin.com/jobs/view/4470905166,2026-09-23,62,good,,False,,,,['RTL Design'],
ecd42b5a44,CPU RTL Design Engineer,L&T Technology Services,"Bengaluru, Karnataka, India",Bengaluru,linkedin,https://www.linkedin.com/jobs/view/4452370314,2026-09-23,62,good,,False,,,,['RTL Design'],
0516e07f2a,PCB Design Engineer,HARPY AEROSPACE PRIVATE LIMITED,"Tamil Nadu, India",Chennai,indeed,https://in.indeed.com/viewjob?jk=196df8050afc3701,2026-09-28,56,good,Full-time,False,,,,"['PCB Design', 'KiCad', 'RF']","**Job Overview:** Harpy Aerospace is seeking a highly skilled and detail\-oriented **PCB Design Engineer** to join our Satellite Systems team. You will be responsible for the design, layout, and documentation of high\-reliability printed circuit boards (PCBs) used in spaceborne p"
3ec55a4245,Serdes PHY Analog Design Engineer,Qualcomm,"Bengaluru, Karnataka, India",Bengaluru,linkedin,https://www.linkedin.com/jobs/view/4461666401,2026-09-25,56,good,,False,,,,[],
959ba6431b,"Senior Embedded Firmware Engineer, EV and Power Electronics",Ford Motor Company,"Karnataka, India",Bengaluru,indeed,https://in.indeed.com/viewjob?jk=60ba066a61dd2c2f,2026-09-28,53,good,,False,,,https://d2q79iu7y748jz.cloudfront.net/s/_squarelogo/256x256/e28111d34815ea9cb25cc63bf2e437e1,"['Embedded C', 'Python', 'CAN', 'RF']","Job ID 71095 Category Enterprise Technology Location Bengaluru, India Work Type Hybrid Ford Model E develops technologies and capabilities supporting electric vehicle platforms, batteries, electric motors, inverters, charging solutions, and recycling. As a Senior Embedded Firmwar"
05839ee2ee,VLSI ENGINEER L3,Wipro,"Karnataka, India",Bengaluru,indeed,https://in.indeed.com/viewjob?jk=e3b01c5e68b9793b,2026-09-28,53,good,,False,,,https://d2q79iu7y748jz.cloudfront.net/s/_squarelogo/256x256/8b2cd63e1e41ba18596880aca0e609bc,"['SPI', 'RF']","Job Title: VLSI ENGINEER L3 City: Bengaluru State/Province: Karnataka Posting Start Date: 9/28/26 Wipro Limited (NYSE: WIT, BSE: 507685, NSE: WIPRO) is a leading technology services and consulting company focused on building innovative solutions that address clients’ most complex"
afdff9f891,HARDWARE DESIGN Engineer,ARI,"Tamil Nadu, India",Chennai,indeed,https://in.indeed.com/viewjob?jk=ceb5a32f18475857,2026-09-27,53,good,,False,,Auto,,[],"8 \- 13 years 15 \- 30 days Chennai, bangalore HARDWARE DESIGN **Posted:** *27\-Sep\-2026 7:00 PM* Job Description 113849 Hardware EngineerJob Duties: Responsible for Hardware design in Analog/ Digital, Schematics design, Circuit design /analysis Solving Design failures / field f"
a9d27d9300,Developer II - Embedded Software,UST,"Coimbatore, Tamil Nadu, India",Coimbatore,linkedin,https://www.linkedin.com/jobs/view/4405542728,2026-09-26,53,good,,False,,,,[],
b2b9e15c27,Embedded Software Engineer,Caterpillar Inc.,"Chennai, Tamil Nadu, India",Chennai,linkedin,https://www.linkedin.com/jobs/view/4470945947,2026-09-25,53,good,,False,,,,[],
b6653f37fc,Embedded Software Engineer – Video Streaming,HelixBeat,"Tamil Nadu, India",Coimbatore,indeed,https://in.indeed.com/viewjob?jk=b0336ab05b13643a,2026-09-25,53,good,Full-time,False,,,https://d2q79iu7y748jz.cloudfront.net/s/_squarelogo/256x256/98e795908bb7170a4e3b8f9a7a5b2e59,"['Linux', 'RF']","Experience: 3–6 Years Location: Coimbatore, Bangalore Role: Develop and optimize multi\-camera IP video streaming pipelines using RTSP/RTP, GStreamer and H.264/H.265 with hardware\-accelerated decoding. Key Responsibilities: * Integrate multiple IP cameras over Ethernet using RTS"
059f2b6798,Embedded Software Engineer,AstraYAN,"Chennai, Tamil Nadu, India",Chennai,linkedin,https://www.linkedin.com/jobs/view/4469311585,2026-09-24,53,good,,False,,,,[],
2855fe74c1,"Engineer II, Embedded Software Design",Schneider Electric,"Bengaluru, Karnataka, India",Bengaluru,linkedin,https://www.linkedin.com/jobs/view/4470012429,2026-09-24,53,good,,False,,,,[],
091623e8e9,VLSI ENGINEER L2,Wipro,"Karnataka, India",Bengaluru,indeed,https://in.indeed.com/viewjob?jk=54d6713315e16279,2026-09-24,53,good,,False,,,https://d2q79iu7y748jz.cloudfront.net/s/_squarelogo/256x256/8b2cd63e1e41ba18596880aca0e609bc,"['SPI', 'RF']","Job Title: VLSI ENGINEER L2 City: Bengaluru State/Province: Karnataka Posting Start Date: 9/28/26 Wipro Limited (NYSE: WIT, BSE: 507685, NSE: WIPRO) is a leading technology services and consulting company focused on building innovative solutions that address clients’ most complex"
16b997b7b3,Bluetooth Firmware Engineer,Infineon Technologies,"Bengaluru East, Karnataka, India",Bengaluru,linkedin,https://www.linkedin.com/jobs/view/4452462261,2026-09-23,53,good,,False,,,,[],
ae554c3991,Embedded Engineer,SolarEdge Technologies,"Bengaluru, Karnataka, India",Bengaluru,linkedin,https://www.linkedin.com/jobs/view/4470933261,2026-09-23,53,good,,False,,,,[],
7169d67e2b,Firmware Engineer,Cortex Consultants LLC,"Bangalore Urban, Karnataka, India",Bengaluru,linkedin,https://www.linkedin.com/jobs/view/4470697734,2026-09-23,53,good,,False,,,,[],
44563bfdb4,Embedded Software Engineer,Acufore India Private Limited,"Bengaluru, Karnataka, India",Bengaluru,linkedin,https://www.linkedin.com/jobs/view/4469436784,2026-09-23,53,good,,False,,,,[],
c5f326b485,Embedded Software Engineer,SolarEdge Technologies,"Bengaluru, Karnataka, India",Bengaluru,linkedin,https://www.linkedin.com/jobs/view/4470929447,2026-09-23,53,good,,False,,,,[],
092be4b4b9,Firmware Engineer,Bytebeam,"Bengaluru, Karnataka, India",Bengaluru,linkedin,https://www.linkedin.com/jobs/view/4468563070,2026-09-22,53,good,,False,,,,[],
c17398d9af,Firmware Engineer,Quest Global,"Bengaluru, Karnataka, India",Bengaluru,linkedin,https://www.linkedin.com/jobs/view/4471353968,,53,good,,False,,,,[],
ba9a341f15,Embedded C Linux,atsMantra,"Coimbatore, Tamil Nadu, India",Coimbatore,linkedin,https://www.linkedin.com/jobs/view/4472773567,,53,good,,False,,,,"['Embedded C', 'Linux']",
346249b284,CAE Crash/Safety Analyst,HCLTech,"Chennai, Tamil Nadu, India",Chennai,linkedin,https://www.linkedin.com/jobs/view/4470810098,2026-09-27,49,good,,False,,,,[],
6fc13398e7,CAE Engineer- Structural,Ascend Performance Materials,"Chennai, Tamil Nadu, India",Chennai,linkedin,https://www.linkedin.com/jobs/view/4451241949,2026-09-26,49,good,,False,,,,[],
725f5a92e4,Simulation Engineer (CFD/FEA),"Bray International, Inc.",,Remote,linkedin,https://www.linkedin.com/jobs/view/4463670007,2026-09-26,49,good,,False,,,,"['FEA', 'CFD']",
e93931b733,Durability Analyst - CAE,Expleo Group,"Tamil Nadu, India",Chennai,indeed,https://in.indeed.com/viewjob?jk=75e24d291e30695e,2026-09-25,49,good,,False,,,https://d2q79iu7y748jz.cloudfront.net/s/_squarelogo/256x256/44e31974288e55820f6b1c3b6ad681e0,['RF'],"Overview: **Durability Analyst (ABAQUS) \- CAE** Responsibilities: **Job Summary:** We are seeking a highly motivated **CAE Engineer** with strong expertise in pre\-/post\-processing, simulation tools, and fatigue analysis. The role involves working on suspension system component"
46a5083600,FEA Engineer – German MNC,Haarvard Management Consultants,"Goa, India",Remote,linkedin,https://www.linkedin.com/jobs/view/4471855211,2026-09-25,49,good,,False,,,,['FEA'],
f700b1c921,CAE Engineer -,Tekna Manufacturing Pvt. Ltd,"Tamil Nadu, India",Chennai,indeed,https://in.indeed.com/viewjob?jk=f7dbbba1dc035f3d,2026-09-24,49,good,Full-time,False,,,,"['OptiStruct', 'FEA', 'CAN', 'CREO', 'RF']",**Position:** Static FEA Engineer **Experience:** 3–5 Years **Location:** Chennai **Employment Type:** Full\-Time Job Summary We are looking for a skilled **Static FEA Engineer** with 3–5 years of experience in structural analysis using **Altair HyperWorks and OptiStruct**. The i
f632e8b64b,CAE- Crash Analyst,SEGULA Technologies,"Chennai, Tamil Nadu, India",Chennai,linkedin,https://www.linkedin.com/jobs/view/4469701960,2026-09-24,49,good,,False,,,,[],
92565a63dc,CAE Analyst,ALTEN India,"Chennai, Tamil Nadu, India",Chennai,linkedin,https://www.linkedin.com/jobs/view/4471150748,2026-09-24,49,good,,False,,,,[],
5caea7c628,CAE Analyst,Actalent,"Chennai, Tamil Nadu, India",Chennai,linkedin,https://www.linkedin.com/jobs/view/4469735186,2026-09-24,49,good,,False,,,,[],
3d759cae89,CAE Model Build Meshing,Actalent,"Bengaluru East, Karnataka, India",Bengaluru,linkedin,https://www.linkedin.com/jobs/view/4469724716,2026-09-24,49,good,,False,,,,[],
ad907d615b,CAE Engineer,Altosh HR Consulting,"Karnataka, India",Bengaluru,indeed,https://in.indeed.com/viewjob?jk=c2a1c3b369fe7a23,2026-09-23,49,good,Full-time,False,,,,"['ASIC', 'HyperMesh', 'FEA']","**JD\-CAE Engineer** Experience:2\-8yrs * FEA tools exposure * Pre\-processor **Hypermesh**, Primer * Solver **LS Dyna(Primary),** Abaqus (Optional) * Education B.E / M.Tech in Mechanical / Automotive / Industrial Engineering * Location **Bangalore** **Detailed Explanation**: * E"
c710e9906a,CAE Simulation Engineer,Autoliv,"Singahalli, Karnataka, India",Bengaluru,linkedin,https://www.linkedin.com/jobs/view/4442762750,2026-09-23,49,good,,False,,,,[],
bf91fd44e2,Engineer I - FEA,NKT,"Chennai, Tamil Nadu, India",Chennai,linkedin,https://www.linkedin.com/jobs/view/4470275916,2026-09-22,49,good,,False,,,,['FEA'],
519050ac00,FPGA Prototype & Emulation Engineer,3:33,"Chennai, Tamil Nadu, India",Chennai,linkedin,https://www.linkedin.com/jobs/view/4470861823,,49,good,,False,,,,['FPGA'],
0618304d0f,Instrumentation Design Engineer,Rapidtek Controls private Limited,"Tamil Nadu, India",Chennai,indeed,https://in.indeed.com/viewjob?jk=f5422159e01756ec,2026-09-28,46,maybe,Full-time,False,,,,"['ASIC', 'CAN', 'ARM', 'PLC', 'RF']","Rapidtek Technologies is looking for an **Instrumentation Design Engineer with 1–3 years of experience** to support a major Oil \& Gas detailed engineering project involving **ICSS, DCS, SIS/ESD, F\&G and instrumentation engineering**. Fresh graduates are welcome to apply The eng"
3c6416ee14,"Trainee Engineer, NOC",Scale Computing,"Karnataka, India",Bengaluru,indeed,https://in.indeed.com/viewjob?jk=9eeffe44247a47f0,2026-09-28,46,maybe,Full-time,True,,,https://d2q79iu7y748jz.cloudfront.net/s/_squarelogo/256x256/461115c0926bfab5df5b7a207bc7d6da,"['Linux', 'CAN']","Description: **Who We Are** Scale Computing is a global leader in edge computing, hyperconverged infrastructure, and managed networking solutions. We deliver innovative, secure, andscalable technology that powers critical operations worldwide. **About the Role** Trainee/Associate"
0ec28fd436,Graduate Engineer Trainee - R&D PTM,Valeo,"Chennai, Tamil Nadu, India",Chennai,linkedin,https://www.linkedin.com/jobs/view/4205260262,2026-09-27,46,maybe,,False,,,,[],
cebb3f0dce,Design Engineer - Diploma,Farwood Industries,"Tamil Nadu, India",Chennai,indeed,https://in.indeed.com/viewjob?jk=dfc78a538f0d6036,2026-09-26,46,maybe,Full-time,False,,,,"['ASIC', 'CAN', 'AutoCAD', 'RF']","Job Title: Design Engineer – Interior Detailing (Fresher) **Company:** Farwood Industries Limited **Location:** Chinnambedu, Tamil Nadu **Website:** www.farwoodinterior.com **Department:** Design Team **Experience:** Freshers can apply **Age Limit:** 18–26 years **Employment Type"
f5065e0b31,Electronics Engineer - SiPi,Valeo,"Chennai, Tamil Nadu, India",Chennai,linkedin,https://www.linkedin.com/jobs/view/4360764216,2026-09-25,46,maybe,,False,,,,[],
54502edd98,CCTV and computer engineer,LOCKNLOG DATA SERVICES PVT LTD,"Tamil Nadu, India",Coimbatore,indeed,https://in.indeed.com/viewjob?jk=6752477e080b6b15,2026-09-25,46,maybe,Full-time,False,,,,['ASIC'],"Basic Computer knowledge, CCTV sales and service, computer and hardware engineer Job Types: Full\-time, Permanent, Fresher Pay: ₹10,425\.47 \- ₹22,886\.13 per month Work Location: In person"
fae493a2bc,Junior Test Engineer,Applied,"Tamil Nadu, India",Coimbatore,indeed,https://in.indeed.com/viewjob?jk=965a0dbb559af95d,2026-09-24,46,maybe,Full-time,False,,,,"['ASIC', 'CAN', 'PLC', 'RF']","We are looking for a Testing Engineer Fresher to support electrical testing and quality checks of assembled machines. The candidate will assist in verifying control panel functions, valve operations, motor performance, and leak testing before dispatch. **Key Responsibilities:** *"
efc34a57a4,Cloud Engineer,FindQ,"Tamil Nadu, India",Coimbatore,indeed,https://in.indeed.com/viewjob?jk=0d205bb269e57d19,2026-09-24,46,maybe,Full-time,False,,,,"['ASIC', 'Linux', 'CAN', 'RF']","**Hiring: Infrastructure Engineer – Fresher** **Location:** Tiruppur, Tamil Nadu **Experience:** Freshers **Job Type:** Full\-Time **Job Summary** We are looking for enthusiastic and technically inclined **Infrastructure Engineer – Freshers** to join our IT Infrastructure team. T"
35c6854915,"Silicon Engineer, Platform and Devices, University Graduate, 2026",Google,"Bengaluru, Karnataka, India",Bengaluru,linkedin,https://www.linkedin.com/jobs/view/4415651855,2026-09-23,46,maybe,,False,,,,[],
e0ee4c2cb2,EMI/EMC Engineer (Automotive Electronics),Expleo Group,"Chennai, Tamil Nadu, India",Chennai,linkedin,https://www.linkedin.com/jobs/view/4461889351,,46,maybe,,False,,,,[],
4eefff8851,ELECTRICAL & ELV ENGINEER,Jse Engineering Pvt Ltd,"Tamil Nadu, India",Coimbatore,indeed,https://in.indeed.com/viewjob?jk=3968a6ffcc9286d8,2026-09-25,42,maybe,Full-time,False,,,https://d2q79iu7y748jz.cloudfront.net/s/_squarelogo/256x256/3c59704ae1d63a6d254ede4837679bd8,"['CAN', 'ARM', 'AutoCAD', 'RF']","JSE Engineering Pvt. Ltd. is looking for a technically skilled Electrical \&amp; ELV Engineer to handle electrical and ELV design, engineering, coordination, documentation, and project deliverables for commercial, residential, industrial, healthcare, and international projects. T"
5fae9a930c,EPLAN Electrical Design Engineer [WFO-Coimbatore],AES Technologies India Pvt Limited,"Coimbatore, Tamil Nadu, India",Coimbatore,linkedin,https://www.linkedin.com/jobs/view/4471330860,,42,maybe,,False,,,,[],
05b3935e7b,Junior Quality Control Engineer,Lexworth Law,"Tamil Nadu, India",Coimbatore,indeed,https://in.indeed.com/viewjob?jk=eae66423548bd55c,2026-09-25,40,maybe,Full-time,False,,,,"['ASIC', 'CAN', 'RF']","**About AguaClan Water Purifiers Pvt. Ltd.** AguaClan is a leading name in smart, sustainable water purification solutions across domestic and commercial markets. With a focus on innovation, reliability, and health, we are committed to delivering high\-performance water purifiers"
43b215ade3,SAFETY ENGINEER - EV Motor,L&T Technology Services Ltd.,"Tamil Nadu, India",Coimbatore,indeed,https://in.indeed.com/viewjob?jk=de61fd79d1594d76,2026-09-25,40,maybe,,False,,Industrial Manufacturing,https://d2q79iu7y748jz.cloudfront.net/s/_squarelogo/256x256/8cc33ec902465d5f66c28ef156dd83b9,['RF'],LNT/SE\-EM/1866647 * DEIC\-L\&T Precision Engineering \& Systems IC * Coimbatore Campus * Posted On 25 Sep 2026 * End Date 24 Mar 2027 * Required Experience3 \- 7 years **Skills** ---------- #### **Knowledge \& Posting Location** Hazard identification Risk Management PTW \- Permi
7fbb938e05,Junior Software Developer (Python and Node.js),Mercedes-Benz Group,"Karnataka, India",Bengaluru,indeed,https://in.indeed.com/viewjob?jk=82a9c6a08298d5ec,2026-09-24,40,maybe,,False,,Auto,https://d2q79iu7y748jz.cloudfront.net/s/_squarelogo/256x256/0a2a1de5abcc91a2596c6eced89407db,"['Python', 'ASIC', 'FEA', 'UART', 'RF']","Tätigkeitsbereich:IT/Telekommunikation Fachabteilung:Part Management Gesellschaft:Mercedes\-Benz Research and Development India Private Limited Standort:Mercedes\-Benz Research and Development India Private Limited, Bangalore Startdatum:sofort Veröffentlichungsdatum:24\.09\.2026 "
d83827f3ad,Associate Engineer- PPAT,Qualcomm,"Karnataka, India",Bengaluru,indeed,https://in.indeed.com/viewjob?jk=850f247f2fc93f18,2026-09-28,38,maybe,,False,,Computers And Electronics,https://d2q79iu7y748jz.cloudfront.net/s/_squarelogo/256x256/badc0b836563d31ae5cd80092a302a94,"['Python', 'ASIC', 'FEA', 'CAN', 'RF']","**Company:** ------------ Qualcomm India Private Limited **Job Area:** ------------- Engineering Group, Engineering Group \> Software Engineering **General Summary:** As a leading technology innovator, Qualcomm pushes the boundaries of what's possible to enable next\-generation e"
d2c1041c28,Associate Field Service Engineer,ABB,"Karnataka, India",Bengaluru,indeed,https://in.indeed.com/viewjob?jk=01f0f959d0defe52,2026-09-28,38,maybe,Full-time,False,,,https://d2q79iu7y748jz.cloudfront.net/s/_squarelogo/256x256/6998783079e0a69c900c56473963cc0c,"['CAN', 'ARM', 'PLC', 'RF']","At ABB, we help industries run leaner and cleaner—and every person here makes that happen. You’ll be empowered to lead, supported to grow, and proud of the impact we create together. Join us and help run what runs the world. This Position reports to: Service Manager **Your role a"
9b98cd1375,Computer Hardware & Network Engineer,INDSYS Infotech Services India Private Limited,"Tamil Nadu, India",Coimbatore,indeed,https://in.indeed.com/viewjob?jk=c0df6cfdd55f2c22,2026-09-28,38,maybe,Full-time,True,,,,"['ASIC', 'RF']","Job Title: Computer Hardware \& Network EngineerJob Summary We are looking for a **Computer Hardware \& Network Engineer** to handle installation, maintenance, troubleshooting, and technical support for computers, networking equipment, and other IT infrastructure. Key Responsibil"
d72a133d4e,Opening for Biomedical Engineer and Biotechnology Engineer,Achievers Spot,"Coimbatore, Tamil Nadu, India",Coimbatore,linkedin,https://www.linkedin.com/jobs/view/4471086496,2026-09-27,38,maybe,,False,,,,['IoT'],
f192a1185a,Hardware Simulation Engineer,Caterpillar Inc.,"Chennai, Tamil Nadu, India",Chennai,linkedin,https://www.linkedin.com/jobs/view/4472017846,2026-09-25,38,maybe,,False,,,,[],
01e260d92b,BMS Hardware Engineer,Zeno,"Bengaluru, Karnataka, India",Bengaluru,linkedin,https://www.linkedin.com/jobs/view/4469766084,2026-09-24,38,maybe,,False,,,,[],
6779bdb8d7,Hardware Engineer - Board Design | 5 - 8 yrs,Cisco,"Bengaluru, Karnataka, India",Bengaluru,linkedin,https://www.linkedin.com/jobs/view/4471431934,2026-09-24,38,maybe,,False,,,,[],
d3043ac5ec,Hardware Engineer,Tricog Health,,Bengaluru,linkedin,https://www.linkedin.com/jobs/view/4468578546,2026-09-22,38,maybe,,False,,,,[],
769f8ed2ff,Hardware Designer 2,Lam Research,"Bengaluru, Karnataka, India",Bengaluru,linkedin,https://www.linkedin.com/jobs/view/4469021159,2026-09-22,38,maybe,,False,,,,[],
69e8de17a2,Hardware Engineer,Fyllo,"Bengaluru, Karnataka, India",Bengaluru,linkedin,https://www.linkedin.com/jobs/view/4471323871,,38,maybe,,False,,,,[],
3af53a350c,Hardware Engineer,Quest Global,"Bengaluru, Karnataka, India",Bengaluru,linkedin,https://www.linkedin.com/jobs/view/4471348507,,38,maybe,,False,,,,[],
56ca0173b1,Associate Engineer,Collins Aerospace,"Bengaluru, Karnataka, India",Bengaluru,linkedin,https://www.linkedin.com/jobs/view/4472708312,,38,maybe,,False,,,,[],
4166f56a07,Bench Digital & Mixed-Signal Validation Engineer,Best NanoTech,"Coimbatore, Tamil Nadu, India",Coimbatore,linkedin,https://www.linkedin.com/jobs/view/4462372107,2026-09-28,30,maybe,,False,,,,[],
2508ee9d9e,ATE Digital & Mixed-Signal Validation / Test Development Engineer,Best NanoTech,"Coimbatore, Tamil Nadu, India",Coimbatore,linkedin,https://www.linkedin.com/jobs/view/4462353333,2026-09-28,30,maybe,,False,,,,[],
5db9fd23e0,Bench High-Speed Interface Validation Engineer,Best NanoTech,"Coimbatore, Tamil Nadu, India",Coimbatore,linkedin,https://www.linkedin.com/jobs/view/4462691112,2026-09-28,30,maybe,,False,,,,['RF'],
ba83680e81,Bench PMIC & Power Device Validation Engineer,Best NanoTech,"Coimbatore, Tamil Nadu, India",Coimbatore,linkedin,https://www.linkedin.com/jobs/view/4462367828,2026-09-26,30,maybe,,False,,,,[],
86a33de691,Senior ASIC RTL Design Engineer,SmartSoC Solutions Pvt Ltd,,Bengaluru,linkedin,https://www.linkedin.com/jobs/view/4471859698,2026-09-25,30,maybe,,False,,,,"['ASIC', 'RTL Design']",
3e01c6fef8,Silicon Validation Engineer,Anlage Digital,"Chennai, Tamil Nadu, India",Chennai,linkedin,https://www.linkedin.com/jobs/view/4461050937,2026-09-23,30,maybe,,False,,,,[],
e0e9bf6e39,PMIC Systems Validation Engineer,Qualcomm,"Bengaluru, Karnataka, India",Bengaluru,linkedin,https://www.linkedin.com/jobs/view/4469448921,2026-09-23,30,maybe,,False,,,,[],
9c0e845813,OTA Solution Train Engineer,Ford Motor Company,"Tamil Nadu, India",Chennai,indeed,https://in.indeed.com/viewjob?jk=6fbb4fdae85f7763,2026-09-28,26,maybe,,False,,,https://d2q79iu7y748jz.cloudfront.net/s/_squarelogo/256x256/e28111d34815ea9cb25cc63bf2e437e1,"['FEA', 'CAN', 'RF']","Job ID 70520 Category PD Operations and Quality Location Chennai, India Work Type Hybrid This position is part of the IMG Enterprise Connectivity team and is responsible for managing and monitoring OTA update processes for vehicle products sold across International Markets Group "
f96696ebb0,NFC Test Engineer,,"Karnataka, India",Bengaluru,indeed,https://in.indeed.com/viewjob?jk=efc70c73a02fc523,2026-09-28,26,maybe,Full-time,True,,,,"['Python', 'CAN']","DFT Engineer Opportunity with a product\-based semiconductor company in Bangalore.What you will work on Scan insertion, ATPG pattern generation, fault coverage DFT DRC analysis and debug JTAG, Boundary Scan, MBIST conceptsWhat we're looking for: Hands\-on experience with Cadence "
6e9ea5bdb8,ATE High-Speed Interface Test Engineer,Best NanoTech,"Coimbatore, Tamil Nadu, India",Coimbatore,linkedin,https://www.linkedin.com/jobs/view/4461993184,2026-09-28,26,maybe,,False,,,,['RF'],
36c505a466,ATE Power Device / PMIC Test Engineer,Best NanoTech,"Coimbatore, Tamil Nadu, India",Coimbatore,linkedin,https://www.linkedin.com/jobs/view/4462355928,2026-09-28,26,maybe,,False,,,,[],
40877c56de,Electrical Engineer,Magna International,"Bengaluru, Karnataka, India",Bengaluru,linkedin,https://www.linkedin.com/jobs/view/4427971108,2026-09-27,26,maybe,,False,,,,[],
051fbc80ed,Mechanical Design Engineer,ThinkMetal,"Chennai, Tamil Nadu, India",Chennai,linkedin,https://www.linkedin.com/jobs/view/4470340174,2026-09-25,26,maybe,,False,,,,[],
c33a068f30,Automation Engineer,HYDRO PRESS INDUSTRIES,"Tamil Nadu, India",Coimbatore,indeed,https://in.indeed.com/viewjob?jk=a1d0bc4c05feea88,2026-09-25,26,maybe,Full-time,False,,,,"['ASIC', 'CAN', 'ARM', 'PLC', 'SCADA']","We are looking for an experienced **Automation Engineer** with hands\-on experience in PLC programming, machine automation, commissioning, and troubleshooting. **Key Skills \& Responsibilities** * Hands\-on experience in **PLC programming and troubleshooting**. * Knowledge of **H"
6d36c5b245,R&D Mechanical Design Engineer (Edge Solutions) - IDC,Hitachi Energy,"Chennai, Tamil Nadu, India",Chennai,linkedin,https://www.linkedin.com/jobs/view/4451505736,2026-09-22,26,maybe,,False,,,,[],
0aa633167d,Electrical Component Engineer,Lam Research,"Bengaluru, Karnataka, India",Bengaluru,linkedin,https://www.linkedin.com/jobs/view/4469011873,2026-09-22,26,maybe,,False,,,,[],
1a26cf28d5,Structural Design Engineer (Steel Detailing),Ledvore,"Coimbatore, Tamil Nadu, India",Coimbatore,linkedin,https://www.linkedin.com/jobs/view/4470403122,2026-09-22,26,maybe,,False,,,,[],
2b080ae47d,SUBSTATION AUTOMATION ENGINEER,Cleantech Industry Resources (CIR),"Chennai, Tamil Nadu, India",Chennai,linkedin,https://www.linkedin.com/jobs/view/4472731747,,26,maybe,,False,,,,[],
a7c3ec6144,Automation Engineer,ABB,"Chennai, Tamil Nadu, India",Chennai,linkedin,https://www.linkedin.com/jobs/view/4463188463,,26,maybe,,False,,,,[],
ca5181fa51,"Designer, Development - Electrical-Husky (India) Guindy, Chennai",Husky Technologies,"Chennai, Tamil Nadu, India",Chennai,linkedin,https://www.linkedin.com/jobs/view/4473074679,,26,maybe,,False,,,,[],
ab9b120b00,Digital Design Engineer,Texas Instruments India,"Bengaluru, Karnataka, India",Bengaluru,linkedin,https://www.linkedin.com/jobs/view/4382815061,,26,maybe,,False,,,,[],
7fd4dcd6b1,"Engineer, Fixture Design and Automation",Molex,"Bengaluru, Karnataka, India",Bengaluru,linkedin,https://www.linkedin.com/jobs/view/4470867335,,26,maybe,,False,,,,[],
